Display Name, File Name
,"08_tool_case_study_facilitator_guide.pdf"
,"08_tool_how_to_write_a_good_case_study.pdf"
,"07_doc_eoc_deactivation.docx"
,"06_tool_ics_form_202_incident_objectives.doc"
,"06_tool_ics_form_201_incident_briefing.doc"
,"05_doc_eoc_activation_and_transition_criteria.docx"
,"05_tool_shoc_activation_and_transition_criteria.docx"
,"03_doc_eoc_equipment_recommendations.docx"
,"03_tool_eoc_equipment_and_supply_considerations_checklist_v2.docx"
,"02_tool_fillable_ics_chart.pdf"
,"01_tool_comisca_assessment.pdf"
,"06_doc_2012_guidance_dashboard_cap.pdf"
,"04_tool_eoc_design_considerations_checklist_v2.docx"
,"06_doc_disaster_emergency_needs_assessment_ifrc.pdf"
,"tool_eoc_design_workbook_v2.docx"
,"08_tool_how_to_do_a_pan_flu_ttx.doc"
,"doc_eoc_design_workbook_v2.docx"
,"07_ppt_deactivating_an_eoc.pptx"
,"08_ppt_guidelines_for_developing_emergency_simulations_and_drills.pptx"
,"06_doc_planning_process.doc"
,"02_ppt_global_health_cluster.ppt"
,"06_doc_mira_final_version_2012.pdf"
,"06_tool_ops_guidance_finalversion_2012.pdf"
,"08_tool_public_health_emergency_exercise_toolkit.pdf"
,"02_doc_us_incident_command_system.doc"
,"01_doc_moh_threat_hazard_identification_risk_assessment_guide_v2.docx"
,"08_tool_paho_simulations_guide.pdf"
,"01_ppt_intro_to_eoc.pptx"
,"04_ppt_eoc_design_considerations_and_examples.pptx"
,"02_ppt_cdc_ims_overview.pptx"
,"EOC Development Tool.zip